Brand,Selling Price,MRP,Discount,Ratings,No_of_ratings,Core,Processor,RAM,ROM,SSD,Display
Lenovo,36990,60890,39% off,4.2,670,i3 Processor,Intel,,,256 GB,35.56 cm
Lenovo,37990,59390,36% off,4.2,3803,i3 Processor,Intel,,,512 GB,39.62 cm
ASUS,32990,45990,28% off,4.3,8727,i3 Processor,Intel,,,512 GB,39.62 cm
realme,46990,54999,14% off,4.4,11894,i3 Processor,Intel,,,256 GB,35.56 cm
DELL,38990,61202,36% off,4.3,65,i3 Processor,Intel,,1 TB,256GB,39.62 cm
HP,40990,49509,17% off,4.2,3068,i3 Processor,Intel,,,512 GB,35.56 cm
Lenovo,44990,68490,34% off,4.3,1360,,AMD,,,512 GB,39.62 cm
Lenovo,38705,60090,35% off,4.2,583,,AMD,,,512 GB,39.62 cm
APPLE,88990,99900,10% off,4.7,8401,,Apple,,,256 GB,33.78 cm
Lenovo,35590,54490,34% off,4.2,650,,AMD,,,512 GB,39.62 cm
Lenovo,64490,95790,32% off,4.3,8,,AMD,,,512 GB,39.62 cm
Infinix,22990,39990,42% off,4.2,2999,,Intel,,,256 GB,35.56 cm
acer,47990,76999,37% off,4.4,5138,,AMD,,,512 GB,39.62 cm
ASUS,40990,58990,30% off,4.4,1342,i3 Processor,Intel,,,256 GB,39.62 cm
ASUS,44990,70990,36% off,4.1,1073,,AMD,,,512 GB,35.56 cm
Lenovo,69990,78400,10% off,4.5,48,,AMD,,,512 GB,35.56 cm
Lenovo,38990,51544,24% off,4.3,159,i3 Processor,Intel,,,256 GB,38.1 cm
HP,59990,81869,26% off,4.5,155,,AMD,,,512 GB,39.62 cm
HP,58990,67832,13% off,4.2,1664,i5 Processor,Intel,,,512 GB,39.62 cm
Lenovo,73990,112608,34% off,4.0,154,i5 Processor,Intel,,,512 GB,33.02 cm
Lenovo,51990,76890,32% off,4.3,2254,i5 Processor,Intel,,,512 GB,39.62 cm
acer,58990,94999,37% off,4.3,2582,i5 Processor,Intel,,,512 GB,39.62 cm
ASUS,89990,107990,16% off,4.6,105,,AMD,,,512 GB,39.62 cm
HP,27123,43631,37% off,4.1,783,,AMD,,,256 GB,39.62 cm
ASUS,47990,72990,34% off,4.3,3382,i5 Processor,Intel,,1 TB,256 GB,39.62 cm
realme,59990,69999,14% off,4.4,6702,i5 Processor,Intel,,,512 GB,35.56 cm
MSI,51990,64990,20% off,4.4,345,i5 Processor,Intel,,,512 GB,39.62 cm
ASUS,33849,45990,26% off,4.2,137,i3 Processor,Intel,,,512 GB,39.62 cm
Infinix,52990,79990,33% off,4.8,13,i7 Processor,Intel,,,512 GB,39.62 cm
HP,50990,58647,13% off,4.3,845,,AMD,,,512 GB,39.62 cm
DELL,31990,46263,30% off,4.2,930,,AMD,,,256GB,39.62 cm
ASUS,52990,71990,26% off,4.4,1042,,AMD,,,512 GB,43.94 cm
RedmiBook,31990,51999,38% off,4.2,3884,i3 Processor,Intel,,,256 GB,39.62 cm
ASUS,32990,43990,25% off,4.3,668,i3 Processor,Intel,,,256 GB,39.62 cm
Infinix,32990,54999,40% off,4.3,1454,i3 Processor,Intel,,,512 GB,35.56 cm
DELL,34990,50837,31% off,4.5,49,,AMD,,,256GB,35.56 cm
ASUS,85990,115990,25% off,4.6,98,,AMD,,,1 TB,39.62 cm
ASUS,56990,70990,19% off,4.0,6,i5 Processor,Intel,,,512 GB,35.56 cm
ASUS,57990,82990,30% off,4.5,539,,AMD,,,512 GB,39.62 cm
APPLE,112990,119900,5% off,4.8,85,,Apple,,,256 GB,34.54 cm
ASUS,53990,80990,33% off,4.4,633,i5 Processor,Intel,,,512 GB,35.56 cm
ASUS,39990,60990,34% off,4.3,269,i3 Processor,Intel,,,512 GB,39.62 cm
ASUS,64990,85990,24% off,4.4,611,i5 Processor,Intel,,1 TB,256 GB,39.62 cm
APPLE,121990,129900,6% off,4.6,10,,Apple,,,256 GB,33.78 cm
Infinix,28990,49999,42% off,4.2,3812,i3 Processor,Intel,,,256 GB,35.56 cm
ASUS,66990,82990,19% off,4.9,8,i5 Processor,Intel,,,512 GB,35.56 cm
Infinix,37990,64999,41% off,4.1,269,i5 Processor,Intel,,,512 GB,35.56 cm
HP,25990,36359,28% off,3.9,486,,AMD,,,256 GB,35.56 cm
MSI,84990,123990,31% off,4.3,87,i7 Processor,Intel,,,512 GB,39.62 cm
Lenovo,65499,78400,16% off,4.5,48,,AMD,,,512 GB,35.56 cm
Lenovo,33990,50290,32% off,4.3,691,i3 Processor,Intel,,,256 GB,35.56 cm
APPLE,309490,329900,6% off,4.3,12,,Apple,,,1 TB,41.15 cm
HP,37499,45991,18% off,4.2,1609,,AMD,,,512 GB,39.62 cm
ASUS,38990,56990,31% off,4.4,2807,i3 Processor,Intel,,,512 GB,35.56 cm
Lenovo,28990,40490,28% off,4.1,257,,Intel,,,256 GB,39.62 cm
ASUS,23990,33990,29% off,4.0,559,,Intel,,,256 GB,35.56 cm
APPLE,139990,149900,6% off,4.7,7,,Apple,,,512 GB,34.54 cm
ASUS,59990,84990,29% off,4.5,99,i5 Processor,Intel,,,1 TB,39.62 cm
Infinix,20990,29990,30% off,4.2,581,,Intel,,,128 GB,35.56 cm
HP,39490,47834,17% off,4.2,160,i3 Processor,Intel,,,512 GB,39.62 cm
HP,49990,57042,12% off,4.2,1641,,AMD,,,512 GB,35.56 cm
HP,65990,83027,20% off,4.3,344,i5 Processor,Intel,,,512 GB,39.62 cm
ASUS,45990,62990,26% off,4.5,557,i3 Processor,Intel,,,512 GB,39.62 cm
ASUS,100990,144990,30% off,4.5,28,i7 Processor,Intel,,,512 GB,39.62 cm
Lenovo,53490,76890,30% off,4.2,179,i5 Processor,Intel,,,512 GB,39.62 cm
acer,29990,39999,25% off,4.3,296,i3 Processor,Intel,,,256 GB,39.62 cm
ASUS,38990,54990,29% off,4.3,851,i3 Processor,Intel,,1 TB,256 GB,39.62 cm
APPLE,94990,99900,4% off,4.7,8401,,Apple,,,256 GB,33.78 cm
APPLE,88990,99900,10% off,4.7,8401,,Apple,,,256 GB,33.78 cm
ASUS,89990,110990,18% off,4.3,37,i5 Processor,Intel,,,512 GB,39.62 cm
APPLE,104990,110900,5% off,4.7,8401,,Apple,,,512 GB,33.78 cm
DELL,34990,47695,26% off,4.2,419,,AMD,,,256 GB,39.62 cm
MSI,84990,106990,20% off,4.8,8,i7 Processor,Intel,,,512 GB,35.56 cm
acer,68990,89999,23% off,4.3,210,i5 Processor,Intel,,,512 GB,39.62 cm
DELL,41090,44427,7% off,4.1,7,i3 Processor,Intel,,,256 GB,35.56 cm
HP,58899,69083,14% off,4.1,34,i5 Processor,Intel,,,512 GB,39.62 cm
Lenovo,29990,46790,35% off,4.4,120,i3 Processor,Intel,,,256 GB,39.62 cm
Infinix,42990,54990,21% off,4.3,29,i5 Processor,Intel,,,512 GB,39.62 cm
DELL,29990,44630,32% off,3.6,5,,AMD,,,256GB,39.62 cm
DELL,38990,56834,31% off,4.3,26,,AMD,,,512GB,35.56 cm
ASUS,44990,57990,22% off,4.3,5692,i5 Processor,Intel,,,512 GB,39.62 cm
acer,35990,49999,28% off,4.3,31,i3 Processor,Intel,,,512 GB,39.62 cm
HP,29390,39288,25% off,4.2,608,,AMD,,,512 GB,39.62 cm
HP,46990,58174,19% off,4.1,144,i3 Processor,Intel,,,256 GB,35.56 cm
ASUS,54990,74990,26% off,4.5,5061,i5 Processor,Intel,,,512 GB,39.62 cm
ASUS,43990,62990,30% off,4.4,412,i3 Processor,Intel,,1 TB,256 GB,39.62 cm
ASUS,76990,90990,15% off,4.5,191,,AMD,,,512 GB,39.62 cm
Lenovo,37490,61490,39% off,4.3,210,i3 Processor,Intel,,,512 GB,39.62 cm
ASUS,48990,69990,30% off,4.0,127,i3 Processor,Intel,,,512 GB,35.56 cm
Lenovo,62490,93690,33% off,4.3,309,i5 Processor,Intel,,,512 GB,39.62 cm
Lenovo,57490,76890,25% off,4.4,385,,AMD,,,512 GB,39.62 cm
ASUS,54990,80990,32% off,4.4,685,,AMD,,,512 GB,39.62 cm
ASUS,32990,50990,35% off,4.3,8727,i3 Processor,Intel,,,512 GB,39.62 cm
Lenovo,73490,102090,28% off,4.5,311,,AMD,,,512 GB,39.62 cm
DELL,33099,50651,34% off,3.8,413,,AMD,,1TB,,88.9 cm
MSI,109990,188990,41% off,4.6,31,,AMD,,,1 TB,39.62 cm
Lenovo,71490,103490,30% off,4.6,16,,AMD,,,512 GB,39.62 cm
ASUS,59990,84990,29% off,4.5,134,i5 Processor,Intel,,,1 TB,39.62 cm
SAMSUNG,59990,79990,25% off,4.6,68,i5 Processor,Intel,,,256 GB,39.62 cm
MSI,79990,111990,28% off,4.5,16,i5 Processor,Intel,,,512 GB,39.62 cm
ASUS,94990,149990,36% off,4.1,10,,AMD,,,1 TB,35.56 cm
acer,54990,79999,31% off,4.5,244,,AMD,,,512 GB,39.62 cm
ASUS,37990,45990,17% off,4.0,1899,i3 Processor,Intel,,1 TB,,39.62 cm
APPLE,104990,112900,7% off,4.7,617,,Apple,,,256 GB,33.78 cm
DELL,41590,49613,16% off,4.3,780,,AMD,,,256 GB,39.62 cm
DELL,43999,58229,24% off,3.3,12,i3 Processor,Intel,,,512 GB,39.62 cm
HP,99990,117664,15% off,4.9,11,,AMD,,,512 GB,40.89 cm
Mi,39990,46359,13% off,4.4,2239,i5 Processor,Intel,,,256 GB,35.56 cm
Lenovo,33990,56590,39% off,4.3,3970,i3 Processor,Intel,,,256 GB,39.62 cm
APPLE,112990,119900,5% off,4.7,43,,Apple,,,256 GB,34.54 cm
ASUS,35990,50990,29% off,4.3,558,i3 Processor,Intel,,,256 GB,35.56 cm
ASUS,45990,66990,31% off,4.5,96,i3 Processor,Intel,,,256 GB,35.56 cm
Lenovo,62990,97890,35% off,4.2,33,i5 Processor,Intel,,,512 GB,39.62 cm
ASUS,39990,58990,32% off,4.2,295,i3 Processor,Intel,,,512 GB,35.56 cm
ASUS,86990,116990,25% off,3.8,31,i7 Processor,Intel,,,512 GB,35.56 cm
HP,79990,93565,14% off,4.5,1460,,AMD,,1 TB,256 GB,39.62 cm
ASUS,39990,58990,32% off,4.2,295,i3 Processor,Intel,,,512 GB,35.56 cm
HP,102990,124283,17% off,4.5,28,,AMD,,,512 GB,40.89 cm
HP,93999,100100,6% off,3.8,16,i7 Processor,Intel,,,1 TB,39.62 cm
Vaio,40990,66990,38% off,4.0,706,,AMD,,,512 GB,39.62 cm
ASUS,146990,176990,16% off,5.0,4,,AMD,,,1 TB,39.62 cm
HP,41490,51470,19% off,4.1,93,i3 Processor,Intel,,1 TB,256 GB,39.62 cm
ASUS,43490,57990,25% off,4.3,13,i5 Processor,Intel,,,512 GB,35.56 cm
ASUS,71990,98990,27% off,4.7,12,i5 Processor,Intel,,,512 GB,33.78 cm
DELL,40190,54435,26% off,4.2,62,,AMD,,,512 GB,39.62 cm
ASUS,22990,30990,25% off,3.7,3154,,Intel,,1 TB,,39.62 cm
acer,25990,43999,40% off,3.9,239,,AMD,,,256 GB,35.56 cm
Lenovo,50499,75390,33% off,4.3,439,i5 Processor,Intel,,,256 GB,39.62 cm
acer,66990,99999,33% off,4.3,168,,AMD,,,512 GB,39.62 cm
ASUS,59990,86990,31% off,4.3,850,,AMD,,,512 GB,39.62 cm
ASUS,39990,58990,32% off,4.2,295,i3 Processor,Intel,,,512 GB,35.56 cm
ASUS,150990,197990,23% off,4.9,7,,AMD,,,1 TB,39.62 cm
Lenovo,69990,103490,32% off,4.4,23,i5 Processor,Intel,,,512 GB,39.62 cm
APPLE,112990,119990,5% off,4.9,36,,Apple,,,256 GB,34.54 cm
ASUS,104990,158990,33% off,4.5,66,i7 Processor,Intel,,,1 TB,35.56 cm
ASUS,99990,128990,22% off,4.5,115,i7 Processor,Intel,,,1 TB,39.62 cm
ASUS,59990,75990,21% off,4.5,198,,AMD,,,1 TB,39.62 cm
ASUS,33990,45499,25% off,4.8,4,i3 Processor,Intel,,,512 GB,35.56 cm
ASUS,27990,40990,31% off,4.1,97,,Intel,,,256 GB,35.56 cm
Lenovo,64990,120708,46% off,4.2,154,i5 Processor,Intel,,,512 GB,33.02 cm
ASUS,108990,122990,11% off,4.7,3,i5 Processor,Intel,,,512 GB,35.56 cm
MSI,74990,123990,39% off,3.9,94,i7 Processor,Intel,,,512 GB,35.56 cm
ASUS,99990,122990,18% off,4.8,4,,AMD,,,512 GB,33.78 cm
APPLE,139990,149900,6% off,4.6,23,,Apple,,,512 GB,34.54 cm
DELL,38990,54783,28% off,4.0,193,i3 Processor,Intel,,,512 GB,39.62 cm
DELL,59990,85550,29% off,4.1,23,,AMD,,,512GB,39.62 cm
APPLE,139990,149900,6% off,4.7,15,,Apple,,,512 GB,34.54 cm
ASUS,82990,103990,20% off,4.3,68,i5 Processor,Intel,,,512 GB,39.62 cm
MSI,49990,78990,36% off,4.5,167,i5 Processor,Intel,,,512 GB,39.62 cm
Infinix,29990,49999,40% off,4.3,5710,i3 Processor,Intel,,,256 GB,35.56 cm
ASUS,76490,90990,15% off,4.5,2006,,AMD,,,512 GB,39.62 cm
DELL,89081,121935,26% off,5.0,6,,AMD,,,512 GB,39.62 cm
ASUS,30650,40990,25% off,3.6,64,i3 Processor,Intel,,1 TB,,35.81 cm
ASUS,140990,182990,22% off,5.0,5,,AMD,,,1 TB,39.62 cm
Lenovo,58000,74390,22% off,4.3,548,i5 Processor,Intel,,,512 GB,35.56 cm
ASUS,47990,62990,23% off,4.4,26,i3 Processor,Intel,,,512 GB,35.56 cm
APPLE,222990,239900,7% off,4.8,112,,Apple,,,1 TB,36.07 cm
HP,33990,46052,26% off,4.3,3743,,AMD,,,512 GB,39.62 cm
Infinix,36990,59999,38% off,4.2,640,i5 Processor,Intel,,,512 GB,35.56 cm
ASUS,63990,85990,25% off,4.4,611,i5 Processor,Intel,,1 TB,256 GB,39.62 cm
HP,72999,85837,14% off,3.7,21,i5 Processor,Intel,,,512 GB,35.56 cm
Infinix,32990,44990,26% off,4.4,26,i3 Processor,Intel,,,256 GB,39.62 cm
ASUS,64990,81990,20% off,4.5,5061,i5 Processor,Intel,,,512 GB,39.62 cm
HP,75990,92404,17% off,4.3,264,,AMD,,,512 GB,39.62 cm
HP,60990,73544,17% off,4.4,89,,AMD,,,512 GB,39.62 cm
DELL,63090,68928,8% off,3.9,87,i5 Processor,Intel,,,512 GB,14.0-inch
Nokia,50490,90000,43% off,4.4,1491,i5 Processor,Intel,,,512 GB,35.56 cm
ASUS,50990,70990,28% off,4.3,3382,i5 Processor,Intel,,1 TB,256 GB,39.62 cm
DELL,40690,53774,24% off,4.0,28,,AMD,,,512 GB,39.62 cm
DELL,59936,74618,19% off,4.0,3,i5 Processor,Intel,,,512 GB,39.62 cm
DELL,49690,61740,19% off,4.4,13,,AMD,,,512 GB,35.56 cm
APPLE,222990,239900,7% off,4.8,112,,Apple,,,512 GB,41.15 cm
APPLE,139990,149900,6% off,4.3,6,,Apple,,,512 GB,34.54 cm
Infinix,31990,49990,36% off,4.2,55,i3 Processor,Intel,,,512 GB,39.62 cm
DELL,111990,141348,20% off,4.0,12,i7 Processor,Intel,,,512 GB,39.62 cm
Lenovo,35990,48490,25% off,4.2,150,i3 Processor,Intel,,,256 GB,39.62 cm
ASUS,61990,69990,11% off,4.7,15,i5 Processor,Intel,,,512 GB,35.56 cm
Infinix,46990,69999,32% off,4.2,179,i7 Processor,Intel,,,512 GB,35.56 cm
DELL,62490,81497,23% off,4.3,67,i5 Processor,Intel,,,512 GB,39.62 cm
MSI,114990,162990,29% off,4.2,29,i7 Processor,Intel,,,1 TB,39.62 cm
HP,41150,45892,10% off,4.4,5446,i3 Processor,Intel,,,256 GB,35.56 cm
acer,39990,57999,31% off,4.4,360,,AMD,,,512 GB,39.62 cm
HP,42690,50585,15% off,4.2,245,i3 Processor,Intel,,,512 GB,39.62 cm
DELL,54900,68658,20% off,4.3,361,i3 Processor,Intel,,,256GB,35.56 cm
ASUS,26990,42990,37% off,4.3,1643,,AMD,,,256 GB,39.62 cm
ASUS,87990,107990,18% off,4.5,1168,,AMD,,,512 GB,39.62 cm
DELL,43890,57500,23% off,3.9,71,i3 Processor,Intel,,,512 GB,39.62 cm
ASUS,70990,97990,27% off,4.8,6,i5 Processor,Intel,,,1 TB,39.62 cm
DELL,42390,54781,22% off,4.2,890,i3 Processor,Intel,,1 TB,256 GB,39.62 cm
HP,52490,56162,6% off,4.4,790,,AMD,,,512 GB,35.56 cm
ASUS,56990,70990,19% off,4.4,11,i5 Processor,Intel,,,512 GB,35.56 cm
MSI,109990,134990,18% off,4.6,14,i7 Processor,Intel,,,512 GB,39.62 cm
acer,27990,42999,34% off,4.2,81,,AMD,,,512 GB,39.62 cm
ASUS,63980,82990,22% off,4.5,35,i5 Processor,Intel,,,512 GB,39.62 cm
ASUS,69990,82990,15% off,4.5,64,i5 Processor,Intel,,,512 GB,35.56 cm
acer,61999,79990,22% off,3.7,3,i5 Processor,Intel,,,512 GB,39.62 cm
ASUS,64590,81990,21% off,4.5,531,,AMD,,,512 GB,43.94 cm
DELL,71190,93461,23% off,4.7,17,,AMD,,,512 GB,35.56 cm
DELL,42390,44780,5% off,3.9,298,i3 Processor,Intel,,1 TB,,35.56 cm
ASUS,98990,128990,23% off,4.4,114,,AMD,,,512 GB,39.62 cm
acer,54990,89999,38% off,4.3,2582,i5 Processor,Intel,,,512 GB,39.62 cm
DELL,41890,55444,24% off,4.0,193,i3 Processor,Intel,,,512 GB,39.62 cm
ASUS,29980,36990,18% off,4.2,54,,Intel,,,128 GB,29.46 cm
APPLE,222990,239900,7% off,4.8,112,,Apple,,,1 TB,36.07 cm
DELL,45090,54517,17% off,4.0,2034,i3 Processor,Intel,,1 TB,,35.56 cm
ASUS,54990,74990,26% off,4.4,14,,AMD,,,512 GB,35.56 cm
ASUS,36990,56990,35% off,4.2,29,i3 Processor,Intel,,,512 GB,39.62 cm
ASUS,47990,62990,23% off,5.0,3,i3 Processor,Intel,,,512 GB,39.62 cm
HP,118990,140347,15% off,3.5,4,,AMD,,,1 TB,40.89 cm
Lenovo,37990,43990,13% off,4.4,111,,AMD,,,256 GB,39.62 cm
ASUS,95990,140990,31% off,4.5,66,i5 Processor,Intel,,,512 GB,35.56 cm
MSI,114990,139990,17% off,4.5,149,i7 Processor,Intel,,,1 TB,39.62 cm
Lenovo,55600,60990,8% off,4.4,683,,AMD,,,512 GB,35.56 cm
ASUS,44990,59990,25% off,4.7,42,i5 Processor,Intel,,,256 GB,39.62 cm
ASUS,45990,66990,31% off,5.0,5,i5 Processor,Intel,,,256 GB,35.56 cm
acer,99990,149999,33% off,4.5,1551,i7 Processor,Intel,,1 TB,256 GB,39.62 cm
acer,61490,99999,38% off,4.5,2324,,AMD,,1 TB,256 GB,39.62 cm
ASUS,107990,141990,23% off,4.8,16,,AMD,,,1 TB,35.56 cm
acer,155490,179999,13% off,5.0,4,i7 Processor,Intel,,,1 TB,39.62 cm
ASUS,36990,52990,30% off,4.0,44,i3 Processor,Intel,,,512 GB,39.62 cm
lenovo,102990,139890,26% off,4.7,86,i7 processor,Intel,,,512 GB,35.56 cm
ASUS,51990,64990,20% off,4.2,80,i5 Processor,Intel,,,512 GB,39.62 cm
HP,46990,49120,4% off,4.4,461,,AMD,,,256 GB,39.62 cm
acer,48990,59500,17% off,4.1,293,i5 Processor,Intel,,1 TB,,35.56 cm
Infinix,46990,69999,32% off,4.1,327,i7 Processor,Intel,,,512 GB,35.56 cm
HP,38999,47267,17% off,4.3,3743,,AMD,,,256 GB,39.62 cm
ASUS,154990,207990,25% off,4.6,260,,AMD,,,1 TB,39.62 cm
MICROSOFT,99990,124999,20% off,3.8,9,,AMD,,,128 GB,38.1 cm
ASUS,114990,140990,18% off,4.2,6,i5 Processor,Intel,,,512 GB,35.56 cm
ASUS,94990,113990,16% off,4.5,94,i5 Processor,Intel,,,512 GB,43.94 cm
ASUS,122990,173990,29% off,4.3,12,i7 Processor,Intel,,,1 TB,39.62 cm
acer,61130,69999,12% off,4.5,81,i5 Processor,Intel,,1 TB,256 GB,39.62 cm
DELL,67990,76462,11% off,4.1,303,i5 Processor,Intel,,1 TB,256 GB,39.62 cm
ASUS,14990,31990,53% off,4.0,1553,,Intel,,,,29.46 cm
ASUS,74990,89990,16% off,4.0,4,i5 Processor,Intel,,,512 GB,39.62 cm
Lenovo,64000,82490,22% off,4.1,70,i5 Processor,Intel,,,512 GB,39.62 cm
HP,27990,36865,24% off,3.8,300,,Intel,,,256 GB,35.56 cm
Lenovo,69000,113290,39% off,4.0,23,i5 Processor,Intel,,,512 GB,35.56 cm
HP,76070,83553,8% off,4.2,37,i5 Processor,Intel,,,512 GB,39.62 cm
DELL,81990,109353,25% off,4.1,7,i5 Processor,Intel,,,512 GB,35.56 cm
HP,55490,64342,13% off,4.3,52,,AMD,,,512 GB,35.56 cm
acer,96490,149999,35% off,4.4,459,i7 Processor,Intel,,1 TB,512 GB,39.62 cm
acer,46040,60000,23% off,4.1,66,i3 Processor,Intel,,1 TB,256 GB,35.56 cm
ASUS,149990,189990,21% off,4.0,4,,AMD,,,1 TB,39.62 cm
MSI,45990,61990,25% off,4.5,1404,,AMD,,,512 GB,35.56 cm
ASUS,61986,77990,20% off,4.3,478,i5 Processor,Intel,,,512 GB,39.62 cm
HP,90990,118776,23% off,4.5,21,i7 Processor,Intel,,,512 GB,39.62 cm
ASUS,24390,30990,21% off,4.0,899,,Intel,,,,39.62 cm
acer,124990,161999,22% off,4.4,50,i9 Processor,Intel,,,1 TB,39.62 cm
HP,54999,70419,21% off,4.4,201,,AMD,,,512 GB,39.62 cm
ASUS,187990,244990,23% off,4.0,4,,AMD,,,1 TB,39.62 cm
acer,36990,50000,26% off,4.1,61,i3 Processor,Intel,,,256 GB,39.62 cm
MSI,59990,76990,22% off,4.4,3358,i5 Processor,Intel,,1 TB,256 GB,39.62 cm
MSI,66990,83990,20% off,4.4,1843,,AMD,,,512 GB,39.62 cm
Lenovo,33499,41414,19% off,3.9,119,i3 Processor,Intel,,1 TB,,39.62 cm
APPLE,306990,329900,6% off,4.3,12,,Apple,,,1 TB,41.15 cm
HP,75450,87717,13% off,4.3,3,,AMD,,,512 GB,40.89 cm
DELL,39090,50132,22% off,4.3,3,,AMD,,,256 GB,39.62 cm
ASUS,104990,128990,18% off,4.6,38,i7 Processor,Intel,,,512 GB,35.56 cm
HP,68990,76020,9% off,4.4,2485,,AMD,,,512 GB,39.62 cm
MSI,52990,78990,32% off,4.1,86,,AMD,,,512 GB,39.62 cm
DELL,50990,63973,20% off,4.0,116,,AMD,,,512 GB,39.62 cm
ASUS,54990,76990,28% off,4.3,1778,i5 Processor,Intel,,,512 GB,39.62 cm
ASUS,89990,123990,27% off,4.5,502,,AMD,,,512 GB,35.56 cm
DELL,87900,112400,21% off,4.4,8,i5 Processor,Intel,,,512 GB,39.62 cm
acer,59434,65546,9% off,3.4,36,i5 Processor,Intel,,,256 GB,33.78 cm
HP,77990,88231,11% off,4.4,23,i5 Processor,Intel,,,512 GB,35.56 cm
MSI,79990,106990,25% off,4.1,16,i7 Processor,Intel,,,512 GB,39.62 cm
acer,74590,99999,25% off,4.6,13095,i5 Processor,Intel,,1 TB,128 GB,39.62 cm
Lenovo,73990,104890,29% off,4.0,15,,AMD,,,512 GB,39.62 cm
DELL,45890,55534,17% off,4.0,790,i3 Processor,Intel,,1 TB,256 GB,39.62 cm
ASUS,224990,350990,35% off,5.0,4,,AMD,,,1 TB,34.04 cm
MSI,80590,89990,10% off,4.4,18,i7 Processor,Intel,,,512 GB,35.56 cm
Lenovo,54990,85290,35% off,4.3,730,i5 Processor,Intel,,,512 GB,39.62 cm
HP,26400,31156,15% off,3.9,15,,Intel,,,,35.56 cm
Lenovo,36990,49096,24% off,4.3,222,i3 Processor,Intel,,,256 GB,38.1 cm
Lenovo,72990,112990,35% off,4.4,16,,AMD,,,512 GB,39.62 cm
MSI,99990,145990,31% off,4.5,751,i7 Processor,Intel,,1 TB,256 GB,39.62 cm
ASUS,49990,62990,20% off,3.8,6,i3 Processor,Intel,,,512 GB,35.56 cm
acer,27490,32990,16% off,4.3,12,,Intel,,,256 GB,35.56 cm
ASUS,110990,181990,39% off,4.7,19,,AMD,,,1 TB,34.04 cm
acer,139990,169999,17% off,5.0,7,i9 Processor,Intel,,,1 TB,39.62 cm
HP,28999,41610,30% off,3.7,24,,AMD,,1 TB,,35.56 cm
ASUS,65990,88990,25% off,4.3,75,i7 Processor,Intel,,,512 GB,39.62 cm
DELL,76990,106082,27% off,4.3,3,i5 Processor,Intel,,,512 GB,35.56 cm
Lenovo,38980,56800,31% off,5.0,4,i3 Processor,Intel,,,256 GB,35.56 cm
HP,40990,48053,14% off,4.3,4379,,AMD,,1 TB,256 GB,39.62 cm
DELL,35500,43000,17% off,4.2,123,,Intel,,,256 GB,39.62 cm
Lenovo,23250,34890,33% off,3.7,522,,Intel,,,256 GB,29.46 cm
acer,134990,149990,10% off,4.5,57,i7 Processor,Intel,,,1 TB,39.62 cm
MSI,114990,156990,26% off,4.3,28,i7 Processor,Intel,,,1 TB,39.62 cm
DELL,77599,89990,13% off,4.2,90,i5 Processor,Intel,,,512GB,39.62 cm
HP,69990,89992,22% off,4.5,198,,AMD,,,512 GB,33.78 cm
DELL,116490,150636,22% off,4.6,5,i7 Processor,Intel,,,1 TB,39.62 cm
ASUS,110990,175190,36% off,4.8,6,i7 Processor,Intel,,,1 TB,39.62 cm
ASUS,32990,49990,34% off,3.7,347,i3 Processor,Intel,,1 TB,,39.62 cm
DELL,79490,108000,26% off,4.5,52,,AMD,,,512 GB,39.62 cm
Lenovo,35990,57990,37% off,3.7,405,i3 Processor,Intel,,1 TB,,39.62 cm
DELL,59990,79287,24% off,4.7,7,,AMD,,,512 GB,40.64 cm
DELL,67990,103000,33% off,4.3,3,i5 Processor,Intel,,,512 GB,39.62 cm
HP,56070,69267,19% off,4.3,7,i3 Processor,Intel,,,512 GB,35.56 cm
ASUS,31990,40990,21% off,3.9,126,i3 Processor,Intel,,1 TB,,35.81 cm
HP,35990,41651,13% off,3.5,42,,AMD,,1 TB,,39.62 cm
DELL,30690,44215,30% off,4.3,1401,,Intel,,,256 GB,39.62 cm
ASUS,44990,55990,19% off,3.9,1500,i5 Processor,Intel,,1 TB,,39.62 cm
ASUS,224990,272990,17% off,4.6,11,i7 Processor,Intel,,,1 TB,39.62 cm
ASUS,44990,56990,21% off,4.4,2807,i3 Processor,Intel,,,512 GB,35.56 cm
ALIENWARE,250000,293080,14% off,4.0,5,i7 Processor,Intel,,,1 TB,39.62 cm
ALIENWARE,199990,223322,10% off,4.9,12,i7 Processor,Intel,,,512 GB,39.62 cm
Lenovo,56990,76890,25% off,4.3,402,,AMD,,1 TB,,39.62 cm
ASUS,179990,227990,21% off,5.0,3,i7 Processor,Intel,,,1 TB,40.64 cm
ASUS,105990,137990,23% off,4.0,17,,AMD,,,1 TB,39.62 cm
Lenovo,169990,223890,24% off,2.5,2,i7 Processor,Intel,,,1 TB,35.56 cm
ASUS,81990,103990,21% off,4.3,4,,AMD,,512 GB,512 GB,39.62 cm
Lenovo,62500,93690,33% off,4.2,106,i5 Processor,Intel,,1 TB,256 GB,39.62 cm
DELL,72990,75826,3% off,4.4,42,i5 Processor,Intel,,,512 GB,39.62 cm
acer,23400,34990,33% off,4.3,480,,Intel,,,256 GB,39.62 cm
HP,26990,40486,33% off,3.7,174,,AMD,,,512 GB,35.56 cm
HP,62980,72210,12% off,4.1,88,i5 Processor,Intel,,,512 GB,39.62 cm
HP,54450,70171,22% off,4.3,909,i5 Processor,Intel,,,512 GB,39.62 cm
DELL,42990,48900,12% off,4.1,238,i3 Processor,Intel,,1 TB,,39.62 cm
HP,70960,87717,19% off,4.4,466,i5 Processor,Intel,,1 TB,256 GB,39.62 cm
MSI,184790,189990,2% off,4.8,5,i7 Processor,Intel,,,512 GB,39.62 cm
Lenovo,28490,40490,29% off,3.6,150,,Intel,,,,29.46 cm
DELL,56782,71578,20% off,4.0,21,i5 Processor,Intel,,,256 GB,39.62 cm
ASUS,94990,137990,31% off,5.0,7,,AMD,,,1 TB,39.62 cm
HP,74590,83553,10% off,4.3,28,i5 Processor,Intel,,,512 GB,39.62 cm
DELL,52990,66560,20% off,4.3,3,,AMD,,1 TB,256 GB,39.62 cm
Lenovo,157990,224490,29% off,4.6,49,i7 Processor,Intel,,,1 TB,40.64 cm
ASUS,99990,122990,18% off,4.3,30,i7 Processor,Intel,,,512 GB,33.78 cm
ASUS,35990,51990,30% off,4.3,176,i3 Processor,Intel,,,256 GB,35.56 cm
ASUS,79990,98990,19% off,4.4,11,i5 Processor,Intel,,,512 GB,33.78 cm
DELL,98990,123850,20% off,5.0,5,,AMD,,,512 GB,39.62 cm
DELL,43090,56776,24% off,4.0,52,i3 Processor,Intel,,,256 GB,39.62 cm
HP,59990,66964,10% off,4.4,47,i3 Processor,Intel,,,512 GB,35.56 cm
HP,79990,99203,19% off,4.2,59,i5 Processor,Intel,,,512 GB,33.78 cm
DELL,36690,52433,30% off,4.0,9,,AMD,,,256 GB,39.62 cm
DELL,42390,55448,23% off,4.3,1937,i3 Processor,Intel,,,256 GB,35.56 cm
ASUS,25990,29990,13% off,4.1,203,,Intel,,,,35.56 cm
HP,68890,74839,7% off,4.2,121,,AMD,,,512 GB,35.56 cm
DELL,69999,81585,14% off,3.6,10,i3 Processor,Intel,,,512GB,35.56 cm
DELL,59990,87000,31% off,4.7,3,i5 Processor,Intel,,1 TB,256 GB,39.62 cm
Lenovo,36990,56690,34% off,4.3,491,i3 Processor,Intel,,,256 GB,39.62 cm
acer,146990,189990,22% off,4.6,91,i9 Processor,Intel,,,1 TB,39.62 cm
ASUS,37490,46990,20% off,4.2,62,,AMD,,,256 GB,35.81 cm
Lenovo,27490,29290,6% off,4.0,1167,,AMD,,1 TB,,39.62 cm
Lenovo,78500,89490,12% off,4.4,145,,AMD,,,512 GB,39.62 cm
acer,34130,49999,31% off,3.6,135,,AMD,,1 TB,,39.62 cm
APPLE,162990,179900,9% off,4.2,107,i5 Processor,Intel,,,512 GB,33.78 cm
acer,59990,79999,25% off,5.0,3,,AMD,,,512 GB,39.62 cm
Vaio,57990,76090,23% off,3.8,173,,AMD,,,512 GB,39.62 cm
DELL,56400,80700,30% off,4.1,395,i5 Processor,Intel,,,512 GB,35.56 cm
DELL,28290,39874,29% off,4.1,487,,AMD,,,256 GB,35.56 cm
Lenovo,66990,93690,28% off,4.1,44,i5 Processor,Intel,,,512 GB,39.62 cm
ASUS,129990,164990,21% off,4.1,10,i7 Processor,Intel,,,1 TB,35.56 cm
HP,97500,138366,29% off,3.7,3,i5 Processor,Intel,,,512 GB,39.62 cm
MSI,64600,78990,18% off,4.2,100,i7 Processor,Intel,,,512 GB,35.56 cm
DELL,22990,24418,5% off,4.1,1299,,Intel,,500 GB,,39.62 cm
Lenovo,57990,78290,25% off,4.1,113,,AMD,,,512 GB,39.62 cm
ASUS,59990,79990,25% off,4.5,4,i5 Processor,Intel,,1 TB,256 GB,39.62 cm
HP,59990,68192,12% off,4.1,1609,,AMD,,1 TB,,39.62 cm
ASUS,269990,326990,17% off,4.8,8,i9 Processor,Intel,,,1 TB,39.62 cm
HP,43990,55562,20% off,4.3,2854,i3 Processor,Intel,,,256 GB,35.56 cm
DELL,37990,51493,26% off,3.7,670,i3 Processor,Intel,,1 TB,,38.0 cm
DELL,62990,78014,19% off,4.3,333,i5 Processor,Intel,,,512 GB,39.62 cm
DELL,67990,69812,2% off,4.3,190,i5 Processor,Intel,,1 TB,256 GB,39.62 cm
DELL,43590,55534,21% off,3.8,65,i3 Processor,Intel,,,256 GB,39.62 cm
Infinix,49990,69999,28% off,3.6,98,i7 Processor,Intel,,,512 GB,35.56 cm
Nokia,52490,82990,36% off,4.0,765,i5 Processor,Intel,,,512 GB,35.56 cm
DELL,56990,75946,24% off,4.2,142,i5 Processor,Intel,,1 TB,256 GB,39.62 cm
HP,118000,138399,14% off,5.0,3,i7 Processor,Intel,,,1 TB,40.89 cm
Lenovo,87990,125890,30% off,4.8,33,i5 Processor,Intel,,,512 GB,35.56 cm
DELL,46790,63200,25% off,4.2,68,i3 Processor,Intel,,,512 GB,39.62 cm
ASUS,86990,116990,25% off,3.8,31,i7 Processor,Intel,,,512 GB,35.56 cm
DELL,96890,113162,14% off,4.4,5,,AMD,,,512 GB,39.62 cm
HP,162990,192977,15% off,3.3,3,i7 Processor,Intel,,,512 GB,33.78 cm
MSI,134990,156990,14% off,4.0,3,i7 Processor,Intel,,,1 TB,39.62 cm
DELL,44990,56573,20% off,4.0,319,,AMD,,,256 GB,39.62 cm
Lenovo,77990,80366,2% off,4.3,34,i5 Processor,Intel,,,512 GB,39.62 cm
Lenovo,30590,37190,17% off,3.9,6196,,AMD,,1 TB,,39.62 cm
DELL,79490,84900,6% off,3.6,17,i5 Processor,Intel,,,512 GB,35.56 cm
DELL,78190,89887,13% off,4.5,21,i5 Processor,Intel,,,1 TB,33.78 cm
MSI,149990,169990,11% off,4.1,10,i7 Processor,Intel,,,512 GB,39.62 cm
DELL,44900,56200,20% off,4.2,44,i3 Processor,Intel,,1 TB,256 GB,39.62 cm
Lenovo,33990,51890,34% off,4.1,1114,i3 Processor,Intel,,,256 GB,39.62 cm
HP,91890,99999,8% off,3.8,12,i7 Processor,Intel,,,512 GB,35.56 cm
DELL,74990,82300,8% off,4.4,45,i5 Processor,Intel,,,512 GB,35.56 cm
Vaio,52990,76090,30% off,3.8,173,,AMD,,,512 GB,39.62 cm
ASUS,50000,59999,16% off,4.2,98,i5 Processor,Intel,,,512 GB,39.62 cm
HP,50990,56663,10% off,4.3,568,,AMD,,,512 GB,39.62 cm
Lenovo,23890,40490,40% off,3.9,403,,Intel,,,256 GB,29.46 cm
HP,124999,157563,20% off,3.3,3,i7 Processor,Intel,,,1 TB,40.89 cm
Lenovo,64821,79090,18% off,3.3,4,i5 Processor,Intel,,2 TB,,39.62 cm
HP,74660,89780,16% off,4.1,27,i5 Processor,Intel,,,512 GB,39.62 cm
Lenovo,75090,109990,31% off,4.4,909,i5 Processor,Intel,,1 TB,256 GB,39.62 cm
ASUS,79190,94990,16% off,4.3,883,i7 Processor,Intel,,,512 GB,39.62 cm
Nokia,47990,82990,42% off,4.0,96,i5 Processor,Intel,,,512 GB,35.56 cm
acer,69351,87999,21% off,3.8,4,i5 Processor,Intel,,,512 GB,35.56 cm
DELL,57990,71149,18% off,3.9,8,i5 Processor,Intel,,,512 GB,39.62 cm
HP,144690,173453,16% off,4.2,17,i7 Processor,Intel,,,1 TB,39.62 cm
HP,81000,85000,4% off,4.2,22,i5 Processor,Intel,,,512 GB,35.56 cm
DELL,73890,82990,10% off,3.9,8,i5 Processor,Intel,,,512 GB,39.62 cm
Lenovo,66499,93690,29% off,4.0,114,i5 Processor,Intel,,,512 GB,39.62 cm
Lenovo,37890,48900,22% off,5.0,1,i3 Processor,Intel,,,256 GB,39.62 cm
ASUS,77898,106990,27% off,4.4,883,,AMD,,,512 GB,43.94 cm
HP,86100,100000,13% off,3.9,16,i7 Processor,Intel,,,512 GB,35.56 cm
ASUS,150963,188990,20% off,4.8,5,i7 Processor,Intel,,,1 TB,39.62 cm
Lenovo,35500,55190,35% off,4.0,1424,i3 Processor,Intel,,1 TB,,39.62 cm
ASUS,82152,98990,17% off,4.7,3,,AMD,,,512 GB,39.62 cm
DELL,45890,58567,21% off,4.3,406,i3 Processor,Intel,,1 TB,256 GB,39.62 cm
acer,68500,72999,6% off,4.4,42,i5 processor,Intel,,,512 GB,34.29 cm
HP,90000,103215,12% off,4.6,289,,AMD,,,512 GB,39.62 cm
ASUS,44490,56990,21% off,4.4,2807,i3 Processor,Intel,,,512 GB,35.56 cm
DELL,65990,82600,20% off,4.3,75,i5 Processor,Intel,,1 TB,256 GB,39.62 cm
